{
  "model_variant": "multi_horizon_lstm_gcn",
  "node_ids": [
    "A1",
    "B2",
    "C3",
    "D4",
    "E5",
    "F6",
    "G7",
    "H8",
    "I9",
    "J10",
    "K11"
  ],
  "num_nodes": 11,
  "window_size": 12,
  "bucket_minutes": 5,
  "horizon_minutes": [
    15,
    30,
    45,
    60
  ],
  "horizon_steps": [
    3,
    6,
    9,
    12
  ],
  "hidden_dim": 64,
  "learning_rate": 0.001,
  "epochs": 140,
  "max_val": 49.34000015258789,
  "adjacency_matrix": [
    [
      1.0,
      1.0,
      1.0,
      1.0,
      0.0,
      0.0,
      0.0,
      0.0,
      0.0,
      0.0,
      0.0
    ],
    [
      1.0,
      1.0,
      0.0,
      0.0,
      1.0,
      1.0,
      0.0,
      0.0,
      0.0,
      0.0,
      0.0
    ],
    [
      1.0,
      0.0,
      1.0,
      1.0,
      0.0,
      0.0,
      1.0,
      0.0,
      0.0,
      0.0,
      0.0
    ],
    [
      1.0,
      0.0,
      1.0,
      1.0,
      0.0,
      0.0,
      0.0,
      1.0,
      0.0,
      0.0,
      0.0
    ],
    [
      0.0,
      1.0,
      0.0,
      0.0,
      1.0,
      1.0,
      0.0,
      0.0,
      1.0,
      0.0,
      0.0
    ],
    [
      0.0,
      1.0,
      0.0,
      0.0,
      1.0,
      1.0,
      1.0,
      0.0,
      0.0,
      1.0,
      1.0
    ],
    [
      0.0,
      0.0,
      1.0,
      0.0,
      0.0,
      1.0,
      1.0,
      1.0,
      0.0,
      0.0,
      0.0
    ],
    [
      0.0,
      0.0,
      0.0,
      1.0,
      0.0,
      0.0,
      1.0,
      1.0,
      1.0,
      0.0,
      0.0
    ],
    [
      0.0,
      0.0,
      0.0,
      0.0,
      1.0,
      0.0,
      0.0,
      1.0,
      1.0,
      1.0,
      1.0
    ],
    [
      0.0,
      0.0,
      0.0,
      0.0,
      0.0,
      1.0,
      0.0,
      0.0,
      1.0,
      1.0,
      1.0
    ],
    [
      0.0,
      0.0,
      0.0,
      0.0,
      0.0,
      1.0,
      0.0,
      0.0,
      1.0,
      1.0,
      1.0
    ]
  ],
  "normalized_adjacency_matrix": [
    [
      0.25,
      0.25,
      0.25,
      0.25,
      0.0,
      0.0,
      0.0,
      0.0,
      0.0,
      0.0,
      0.0
    ],
    [
      0.25,
      0.25,
      0.0,
      0.0,
      0.25,
      0.20412413775920868,
      0.0,
      0.0,
      0.0,
      0.0,
      0.0
    ],
    [
      0.25,
      0.0,
      0.25,
      0.25,
      0.0,
      0.0,
      0.25,
      0.0,
      0.0,
      0.0,
      0.0
    ],
    [
      0.25,
      0.0,
      0.25,
      0.25,
      0.0,
      0.0,
      0.0,
      0.25,
      0.0,
      0.0,
      0.0
    ],
    [
      0.0,
      0.25,
      0.0,
      0.0,
      0.25,
      0.20412413775920868,
      0.0,
      0.0,
      0.22360679507255554,
      0.0,
      0.0
    ],
    [
      0.0,
      0.20412413775920868,
      0.0,
      0.0,
      0.20412413775920868,
      0.1666666567325592,
      0.20412413775920868,
      0.0,
      0.0,
      0.20412413775920868,
      0.20412413775920868
    ],
    [
      0.0,
      0.0,
      0.25,
      0.0,
      0.0,
      0.20412413775920868,
      0.25,
      0.25,
      0.0,
      0.0,
      0.0
    ],
    [
      0.0,
      0.0,
      0.0,
      0.25,
      0.0,
      0.0,
      0.25,
      0.25,
      0.22360679507255554,
      0.0,
      0.0
    ],
    [
      0.0,
      0.0,
      0.0,
      0.0,
      0.22360679507255554,
      0.0,
      0.0,
      0.22360679507255554,
      0.19999998807907104,
      0.22360679507255554,
      0.22360679507255554
    ],
    [
      0.0,
      0.0,
      0.0,
      0.0,
      0.0,
      0.20412413775920868,
      0.0,
      0.0,
      0.22360679507255554,
      0.25,
      0.25
    ],
    [
      0.0,
      0.0,
      0.0,
      0.0,
      0.0,
      0.20412413775920868,
      0.0,
      0.0,
      0.22360679507255554,
      0.25,
      0.25
    ]
  ],
  "train_version": "train_20260508120000"
}